<?xml version="1.0" encoding="utf-8"?>
<extension group="system" method="upgrade" type="plugin" version="3">
	<name>plg_system_phocacssflagsheight</name>
	<creationDate>10/01/2014</creationDate>
	<author>Jan Pavelka (www.phoca.cz)</author>
	<authorEmail></authorEmail>
	<authorUrl>www.phoca.cz</authorUrl>
	<copyright>Jan Pavelka</copyright>
	<license>GNU/GPL</license>
	<version>3.0.0</version>
	
	<description>PLG_SYSTEM_PHOCACSSFLAGSHEIGHT_DESCRIPTION</description>
	
	<files>
		<filename plugin="phocacssflagsheight">phocacssflagsheight.php</filename>
		<filename >index.html</filename>
		<folder>phocacssflagsheight</folder>
	</files>
	
	<languages>
		<language tag="en-GB">language/en-GB/en-GB.plg_system_phocacssflagsheight.ini</language>
		<language tag="en-GB">language/en-GB/en-GB.plg_system_phocacssflagsheight.sys.ini</language>
	</languages>
	
	<administration>
		<languages>
			<language tag="en-GB">language/en-GB/en-GB.plg_system_phocacssflagsheight.ini</language>
			<language tag="en-GB">language/en-GB/en-GB.plg_system_phocacssflagsheight.sys.ini</language>
		</languages>
	</administration>
	
<config>
		<fields name="params" >
			<fieldset name="basic">	
		
			
		
			</fieldset>
		</fields>
	</config>
</extension>